title,category_name,word_count,negative_word_count,negativity_density,doom_score,post_doom_risk,is_long_post
How does severe bipolar differ from mild or moderate?,Bipolar,176,2,1.13,18.92,MEDIUM,0
Snake oil Saleswoman at work is triggering me very hard,Bipolar,233,1,0.43,18.01,MEDIUM,0
recently diagnosed &amp; very anxious when it comes to meds,Bipolar,318,7,2.19,21.54,MEDIUM,0
Realizing mania in my past,Bipolar,116,1,0.85,18.11,MEDIUM,0
I got a stern reminder that being stable doesn’t mean I am cured,Bipolar,271,3,1.1,19.38,MEDIUM,0
Being self aware and mentally ill is fucking exhausting.,Bipolar,224,2,0.89,18.76,MEDIUM,0
One thing I find hard,Bipolar,149,2,1.33,19.13,MEDIUM,0
Insecure in relationship - TW: suicide,Bipolar,236,1,0.42,18.0,MEDIUM,0
Feeling Good by Dr. David Burns,Bipolar,63,0,0.0,16.34,MEDIUM,0
Books on Bipolar Disorder,Bipolar,42,0,0.0,16.23,MEDIUM,0
My friend feels she’s is being outcast after advocating for neurodivergent individuals,Bipolar,63,0,0.0,16.34,MEDIUM,0
Anticipated,Bipolar,170,1,0.58,17.93,MEDIUM,0
I'm starting my bachelor thesis on Monday and I'm already freaking out due to some technical trouble on the school's part. How do I get through this?,Bipolar,221,4,1.8,20.34,MEDIUM,0
Birth control and BP medication,Bipolar,91,0,0.0,16.49,MEDIUM,0
imposter syndrome sucks,Bipolar,121,0,0.0,16.65,MEDIUM,0
Made a miniature japanese tea garden while experiencing cyclothymic highs and lows. Thoughts? 😊🌸,Bipolar,13,0,0.0,16.07,LOW,0
Bipolar doubt,Bipolar,275,3,1.09,19.39,MEDIUM,0
How bad does it have to be to be considered psychosis?,Bipolar,667,3,0.45,20.37,MEDIUM,1
Psychiatrist belittling me,Bipolar,423,8,1.89,21.58,MEDIUM,0
Is it fine or am I loopy from the nonexistent sleep?,Bipolar,77,0,0.0,16.41,MEDIUM,0
Urge to trigger mania,Bipolar,226,1,0.44,17.99,MEDIUM,0
"I'm spiraling out of control and being diagnosed with a deadly virus, with a cure that costs $70k-90k. I'm splitting on everyone I know and actively trying to make my situation worse that way I can't come back from it.. (bipolar 2 + BPD)",Bipolar,244,5,2.04,20.88,MEDIUM,0
Medication,Bipolar,58,0,0.0,16.31,MEDIUM,0
How to keep from being defined by being bipolar,Bipolar,102,0,0.0,16.55,MEDIUM,0
Restraint,Bipolar,1,0,0.0,16.01,LOW,0
"Switching meds, planning pregnancy, and moving across country. Recipe for disaster?",Bipolar,426,1,0.23,18.69,MEDIUM,0
I hate being a freshman,Bipolar,183,3,1.63,19.84,MEDIUM,0
What does a manic/hypomanic episode look like for you?,Bipolar,232,1,0.43,18.0,MEDIUM,0
Dark obsessive thoughts,Bipolar,83,4,4.76,24.78,HIGH,0
How To Help a Manic Episode,Bipolar,93,0,0.0,16.5,MEDIUM,0
Possible psychosis,Bipolar,354,9,2.54,22.35,MEDIUM,0
my bipolar is mostly just ✨spicy depression ✨,Bipolar,154,4,2.58,21.34,MEDIUM,0
Just found out 14% of people with bipolar disorder have an eating disorder. Who else out there relates?,Bipolar,17,1,5.56,25.82,HIGH,0
Unable to quit smoking/ Terribly nicotine dependent,Bipolar,158,3,1.89,20.16,MEDIUM,0
What do you do to help with taking meds?,Bipolar,103,0,0.0,16.55,MEDIUM,0
Failed medication change,Bipolar,79,2,2.5,20.8,MEDIUM,0
For those who saw my fairly large manic gardening haul. I am now out of the episode and set up my garden today !! ◡̈ thanks everyone for the advice and support,Bipolar,30,0,0.0,16.16,LOW,0
How do I stop feeling empty?,Bipolar,230,10,4.33,24.81,HIGH,0
What to actually do during a depressive episode?,Bipolar,138,3,2.16,20.52,MEDIUM,0
Med question,Bipolar,33,1,2.94,21.32,MEDIUM,0
Maintaining my own mental health while helping a friend,Bipolar,213,2,0.93,18.77,MEDIUM,0
Out of work due to med side effects and feeling terrible about it,Bipolar,152,4,2.61,21.38,MEDIUM,0
Dependence on therapist,Bipolar,79,0,0.0,16.42,MEDIUM,0
Are you a mom? How is that going?,Bipolar,154,2,1.29,19.09,MEDIUM,0
Saved a ton of water thanks to not showering due to depression,Bipolar,68,0,0.0,16.37,MEDIUM,0
I feel like I'm subtly giving up and I can't stop,Bipolar,419,7,1.67,21.18,MEDIUM,0
I don’t know what to do…needing to vent,Bipolar,491,4,0.81,20.06,MEDIUM,0
How do you manage feeling down about the future because of your diagnosis?,Bipolar,45,1,2.17,20.04,MEDIUM,0
Every. Single. Time.,Bipolar,61,0,0.0,16.33,MEDIUM,0
How long is this gonna take?!,Bipolar,74,0,0.0,16.4,MEDIUM,0
Woke up 3am the past two days and being very high energy.. is this hypomania?,Bipolar,79,0,0.0,16.42,MEDIUM,0
Bipolar and Relationships,Bipolar,227,1,0.44,17.99,MEDIUM,0
Has anyone tried Fanapt or have experiences?,Bipolar,42,0,0.0,16.23,MEDIUM,0
Does anyone get bad cabin fever?,Bipolar,96,0,0.0,16.52,MEDIUM,0
Psychosis,Bipolar,54,0,0.0,16.29,MEDIUM,0
Urge to trigger mania,Bipolar,226,1,0.44,17.99,MEDIUM,0
I started Wellbutrin yesterday,Bipolar,164,2,1.21,19.0,MEDIUM,0
Increased my Lamictal dosage and now can’t sleep,Bipolar,118,0,0.0,16.63,MEDIUM,0
Recently diagnosed,Bipolar,233,2,0.85,18.74,MEDIUM,0
Anyone here deal with Steven Johnson syndrome before?,Bipolar,146,0,0.0,16.78,MEDIUM,0
What songs hit your soul?,Bipolar,72,0,0.0,16.39,MEDIUM,0
Losing friends over diagnosis?,Bipolar,280,3,1.07,19.38,MEDIUM,0
Anyone got genetic Latuda from Cost Plus Drug?,Bipolar,57,0,0.0,16.31,MEDIUM,0
Help- Has anyone gone back to fully normal?,Bipolar,34,0,0.0,16.18,MEDIUM,0
I’m so anxious. All the god damn time.,Bipolar,113,2,1.75,19.67,MEDIUM,0
How to explain what BD is like?,Bipolar,229,2,0.87,18.75,MEDIUM,0
GoodRx vs. insurance,Bipolar,206,0,0.0,17.11,MEDIUM,0
Lithium thirst,Bipolar,178,0,0.0,16.96,MEDIUM,0
Good tracking apps?,Bipolar,79,1,1.25,18.61,MEDIUM,0
Hypomania/mania doubt,Bipolar,207,1,0.48,17.95,MEDIUM,0
Recently Diagnosed,Bipolar,169,3,1.76,19.99,MEDIUM,0
Is getting bored with your job a trait of being Bipolar?,Bipolar,109,0,0.0,16.59,MEDIUM,0
"Something I wrote before I knew I was bipolar. I used to think it was a personality disorder, instead of a mood disorder.",Bipolar,860,19,2.21,24.49,HIGH,1
Tired of being tired,Bipolar,166,3,1.8,20.04,MEDIUM,0
crashed at work,Bipolar,43,2,4.55,24.19,HIGH,0
Im manic advice/input please,Bipolar,488,9,1.84,21.84,MEDIUM,0
Do you ever feel like you don’t know who you really are?,Bipolar,88,2,2.25,20.41,MEDIUM,0
Best mood tracker app,Bipolar,108,2,1.83,19.78,MEDIUM,0
"When I’m feeling down about BP, I take a look at this beauty and dream a little: https://youtu.be/CFtsHf1lVI4",Bipolar,18,0,0.0,16.1,LOW,0
I got a stern reminder that being stable doesn’t mean I am cured,Bipolar,271,3,1.1,19.38,MEDIUM,0
Can music be too much?,Bipolar,59,0,0.0,16.32,MEDIUM,0
How spring affects you?,Bipolar,41,1,2.38,20.39,MEDIUM,0
"What musician validates the darkness of what you go through? For me, the musician is Mac Miller",Bipolar,85,4,4.65,24.59,HIGH,0
Being the crazy lady,Bipolar,259,1,0.38,18.06,MEDIUM,0
Has anyone ever...,Bipolar,66,1,1.49,18.96,MEDIUM,0
Peaceful Paranoid: Using Mania and AI together.,Bipolar,7,0,0.0,16.04,LOW,0
High school and Bipolar,Bipolar,183,1,0.54,17.93,MEDIUM,0
Defeat,Bipolar,292,3,1.02,19.35,MEDIUM,0
Woke up 3am the past two days and being very high energy.. is this hypomania?,Bipolar,79,0,0.0,16.42,MEDIUM,0
Was my father gaslighting me?,Bipolar,131,2,1.52,19.36,MEDIUM,0
Oops I did it again.,Bipolar,59,0,0.0,16.32,MEDIUM,0
Dismissive psychiatrist,Bipolar,119,4,3.33,22.47,MEDIUM,0
trying to get things out of my brain during a depression + lyrics,Bipolar,12,1,7.69,29.52,HIGH,0
I have an incredibly difficult time with food and anything that has to do with food and chewing and swallowing and paying for it and just everything with food. I let a friend take me out to eat yesterday and we had ramen and it was amazing and I finished everything. The little eggs made me smile too,Bipolar,58,0,0.0,16.31,MEDIUM,0
I can’t make myself go to work,Bipolar,51,0,0.0,16.27,MEDIUM,0
"just diagnosed with BP2, feeling lost and looking for inspo.",Bipolar,173,2,1.15,18.94,MEDIUM,0
I don’t know what is wrong with me,Bipolar,232,7,3.0,22.5,MEDIUM,0
psych ward (again) sigh,Bipolar,189,2,1.05,18.85,MEDIUM,0
How do I accept that I’m bipolar?,Bipolar,483,5,1.03,20.4,MEDIUM,0
I had the strangest feeling last night.,Bipolar,201,3,1.49,19.69,MEDIUM,0
How do you manage feeling down about the future because of your diagnosis?,Bipolar,45,1,2.17,20.04,MEDIUM,0
Just learned today that manic/depressive episodes lead to brain damage,Bipolar,53,1,1.85,19.52,MEDIUM,0
16 &amp; bipolar,Bipolar,48,1,2.04,19.83,MEDIUM,0
Failed medication change,Bipolar,79,2,2.5,20.8,MEDIUM,0
Realizing mania in my past,Bipolar,116,1,0.85,18.11,MEDIUM,0
Fear of being happy,Bipolar,58,2,3.39,22.24,MEDIUM,0
What do you hate being told the most?,Bipolar,81,3,3.66,22.84,HIGH,0
Nocturnal Panic Attacks?,Bipolar,80,4,4.94,25.08,HIGH,0
How do we celebrate/recognize International Bipolar Day (March 30th)?,Bipolar,36,0,0.0,16.19,MEDIUM,0
I need some warm people with me,Bipolar,173,5,2.87,21.95,MEDIUM,0
Emotional Instability,Bipolar,2,0,0.0,16.01,LOW,0
Good Sign,Bipolar,21,0,0.0,16.11,LOW,0
Anyone here a therapist?,Bipolar,60,0,0.0,16.32,MEDIUM,0
Acne help?,Bipolar,73,0,0.0,16.39,MEDIUM,0
"Waited 5 weeks for a psychiatrist appt only to find out days before it that they scheduled me with an lpcc who cant even prescribe meds, which was the entire reason i made the appt.",Bipolar,553,2,0.36,19.6,MEDIUM,1
Doctor didn’t specify what type of bipolar? Is this normal?,Bipolar,11,0,0.0,16.06,LOW,0
Minimal success for 8 months,Bipolar,261,7,2.67,22.08,MEDIUM,0
Bipolar Tattoo (Colored in),Bipolar,4,0,0.0,16.02,LOW,0
I think the change in seasons is starting mania/hypomania,Bipolar,97,0,0.0,16.52,MEDIUM,0
Are you a mom? How is that going?,Bipolar,154,2,1.29,19.09,MEDIUM,0
I broke down during my psych appointment today. So much regret.,Bipolar,540,13,2.4,23.1,HIGH,1
Trying to write an Email while Manic like:,Bipolar,138,1,0.72,18.0,MEDIUM,0
"decreased need for sleep, difficulty taking meds:(",Bipolar,443,4,0.9,19.96,MEDIUM,0
Long Lasting Mania?,Bipolar,152,2,1.31,19.11,MEDIUM,0
I have no friends,Bipolar,181,3,1.65,19.86,MEDIUM,0
Am I manic/hypomanic? Pls help!,Bipolar,405,2,0.49,19.03,MEDIUM,0
Work absence and diagnosis,Bipolar,81,1,1.22,18.57,MEDIUM,0
There are ups and there are downs- weather changes?,Bipolar,75,0,0.0,16.4,MEDIUM,0
There are more to the ups and downs that bipolar disorder brings,Bipolar,353,9,2.54,22.34,MEDIUM,0
"Anyone here get the shakes before, during and after visits to therapist?",Bipolar,39,0,0.0,16.21,MEDIUM,0
Shortened Medical Leave,Bipolar,155,1,0.64,17.95,MEDIUM,0
You own it,Bipolar,169,1,0.59,17.94,MEDIUM,0
How do you guys deal with making mistakes?,Bipolar,93,1,1.06,18.36,MEDIUM,0
I've started drawing again for the first time in 5 years. I just wanted to share!,Bipolar,51,0,0.0,16.27,MEDIUM,0
Lamictal and delayed period? Any correlation?,Bipolar,70,0,0.0,16.38,MEDIUM,0
Sweating when hypomanic?,Bipolar,46,0,0.0,16.25,MEDIUM,0
I felt better for the 10 years I didn't take meds. Now I'm just getting depressive episodes on meds,Bipolar,146,1,0.68,17.98,MEDIUM,0
some questions,Bipolar,88,0,0.0,16.47,MEDIUM,0
Spring time and mood changes,Bipolar,76,0,0.0,16.41,MEDIUM,0
Manic Spending Sprees,Bipolar,39,0,0.0,16.21,MEDIUM,0
I wish I could date a therapist to receive free therapy.,Bipolar,60,1,1.64,19.19,MEDIUM,0
"Some Seroquel struggles I’m going through, please help ?",Bipolar,183,1,0.54,17.93,MEDIUM,0
I told a friend I didn't want to have bipolar children and he called me selfish,Bipolar,62,0,0.0,16.33,MEDIUM,0
How am I supposed to look forward in life?,Bipolar,297,7,2.35,21.71,MEDIUM,0
"CHECK-IN WEDNESDAY ✅- March 22, 2023",Bipolar,32,0,0.0,16.17,LOW,0
Is there another you?,Bipolar,143,0,0.0,16.77,MEDIUM,0
I decided i'll tell my doctor,Bipolar,36,2,5.41,25.66,HIGH,0
"Just diagnosed, super confused and scared",Bipolar,268,0,0.0,17.44,MEDIUM,0
getting off my meds,Bipolar,59,1,1.67,19.24,MEDIUM,0
How do you deal with your past?,Bipolar,480,4,0.83,20.03,MEDIUM,0
being bipolar in a romantic relationship,Bipolar,71,0,0.0,16.38,MEDIUM,0
Spring time and mood changes,Bipolar,76,0,0.0,16.41,MEDIUM,0
You aren’t your thoughts.,Bipolar,91,0,0.0,16.49,MEDIUM,0
Why does my brain know when to be depressed/manic?,Bipolar,182,4,2.19,20.81,MEDIUM,0
My life is so sad that even my psych doctor ghosted me,Bipolar,318,3,0.94,19.35,MEDIUM,0
I recreated a few drawings during my rapid cycling...feel free to tell me they suck.,Bipolar,38,1,2.56,20.68,MEDIUM,0
Excruciating manic episodes. Is this normal?,Bipolar,303,2,0.66,18.78,MEDIUM,0
tired and angry,Bipolar,118,0,0.0,16.63,MEDIUM,0
About to be out of meds,Bipolar,126,1,0.79,18.06,MEDIUM,0
Pharmacy Has To Order My Medication,Bipolar,160,5,3.11,22.3,MEDIUM,0
How do I make friends as someone with bipolar/social anxiety?,Bipolar,153,0,0.0,16.82,MEDIUM,0
I wish I could date a therapist to receive free therapy.,Bipolar,60,1,1.64,19.19,MEDIUM,0
Life insurance policy/with bipolar diagnosis,Bipolar,51,0,0.0,16.27,MEDIUM,0
Zero sex drive while hypomanic,Bipolar,68,0,0.0,16.37,MEDIUM,0
Commanding voice,Bipolar,108,0,0.0,16.58,MEDIUM,0
I am not well,Bipolar,35,0,0.0,16.19,MEDIUM,0
Anyone take Asenapine with a CPAP?,Bipolar,73,0,0.0,16.39,MEDIUM,0
off my meds for two weeks! Its 1am and im so happy right now lol sleep? no fucking way i wanna go work out,Bipolar,46,1,2.13,19.97,MEDIUM,0
Qustioning meds.,Bipolar,36,0,0.0,16.19,MEDIUM,0
lamictal dreams,Bipolar,149,0,0.0,16.8,MEDIUM,0
New user,Bipolar,106,0,0.0,16.57,MEDIUM,0
feel like i’m being watched,Bipolar,47,0,0.0,16.25,MEDIUM,0
Constant Drowsiness on meds?,Bipolar,72,1,1.37,18.78,MEDIUM,0
i loved mania but…,Bipolar,88,1,1.12,18.43,MEDIUM,0
The result of my manic episodes…best spontaneous decisions ever,Bipolar,10,0,0.0,16.05,LOW,0
I dont know what to do anymore,Bipolar,465,8,1.72,21.51,MEDIUM,0
Bipolar x Anxiety x ADHD,Bipolar,126,2,1.57,19.43,MEDIUM,0
back on the med-go-round maybe?,Bipolar,258,2,0.77,18.73,MEDIUM,0
Maintaining my own mental health while helping a friend,Bipolar,213,2,0.93,18.77,MEDIUM,0
Blood donation with BpD,Bipolar,77,0,0.0,16.41,MEDIUM,0
Doodles from my last manic episode,Bipolar,6,0,0.0,16.03,LOW,0
Well this is new,Bipolar,90,3,3.3,22.26,MEDIUM,0
Problems with being touched?,Bipolar,114,0,0.0,16.61,MEDIUM,0
I had depression since 13,Bipolar,33,2,5.88,26.47,HIGH,0
Made a miniature japanese tea garden while experiencing cyclothymic highs and lows. Thoughts? 😊🌸,Bipolar,13,0,0.0,16.07,LOW,0
"My support system, waiting for treats after I take my meds.",Bipolar,11,0,0.0,16.06,LOW,0
What do you do when people hurt you,Bipolar,139,8,5.71,26.74,HIGH,0
What to do to get a psychiatrist?,Bipolar,106,0,0.0,16.57,MEDIUM,0
So I'm diagnosed with Bi Polar 1 and I'm just and angry psycho.....nothing really helps me.,Bipolar,203,1,0.49,17.95,MEDIUM,0
My Tattoos are done healing (mostly I think),Bipolar,49,0,0.0,16.26,MEDIUM,0
Just diagnosed?,Bipolar,118,1,0.84,18.1,MEDIUM,0
Journal entry i made for visualizing good health,Bipolar,8,0,0.0,16.04,LOW,0
Music Production + Tinnitus + Techno + Financial Nosedive,Bipolar,134,1,0.74,18.02,MEDIUM,0
Missing my old dreams.,Bipolar,292,3,1.02,19.35,MEDIUM,0
No family history?,Bipolar,55,0,0.0,16.3,MEDIUM,0
It’s like the line between reality and mania is blurred,Bipolar,108,0,0.0,16.58,MEDIUM,0
Decided to paint,Bipolar,44,0,0.0,16.24,MEDIUM,0
"[OC] I cant always tell what’s real and what’s not. Depending on my state of mind, what I depict may not be reality at all. In depression or mania, I can never truly be sure of what’s real and what’s not.",Bipolar,45,1,2.17,20.04,MEDIUM,0
Coping,Bipolar,40,0,0.0,16.22,MEDIUM,0
BP1,Bipolar,81,2,2.44,20.71,MEDIUM,0
Mental health help???,Depression,160,2,1.24,23.03,HIGH,0
Zoloft,Depression,52,1,1.89,23.59,HIGH,0
my anxiety is crushing me,Depression,62,1,1.59,23.12,HIGH,0
an inchorent story made cogerent by gpt sothere mught be a little additional dramatic effect,Depression,714,13,1.82,27.02,HIGH,1
Can’t even resign myself to the fact that this is my life…,Depression,389,5,1.28,24.33,HIGH,0
I feel not good about the future ever.,Depression,103,1,0.96,22.23,MEDIUM,0
I’m hungry. 😢,Depression,23,1,4.17,27.42,HIGH,0
I’ve recently lost an invaluable watch and gold chain that was passed down from my family. I’ve also been sick for a month.,Depression,341,5,1.46,24.39,HIGH,0
Why am I still feeling frustrated and crying even though I know the solutions to my problems? (Struggling with making new friends),Depression,184,5,2.7,25.71,HIGH,0
You gave your all only for it fail. Why bother?,Depression,70,2,2.82,25.31,HIGH,0
I got the big sad but I prefer it that way,Depression,323,7,2.16,25.52,HIGH,0
I can't do this anymore,Depression,57,0,0.0,20.31,MEDIUM,0
I need to know if this would be a painless way to go,Depression,60,5,8.2,34.67,HIGH,0
does it ever get better?,Depression,109,3,2.73,25.36,HIGH,0
It doesn't help me.,Depression,190,5,2.62,25.61,HIGH,0
The soul-crushing loneliness is just too much,Depression,199,4,2.0,24.57,HIGH,0
I’m starting to believe you need to be ignorant to be happy,Depression,369,3,0.81,23.4,HIGH,0
Tired of being tired,Depression,182,3,1.64,23.85,HIGH,0
Can someone relate or am I broken?,Depression,469,4,0.85,24.01,HIGH,0
checking out,Depression,43,0,0.0,20.23,MEDIUM,0
"Feelings of worthlessness, criticising myself all the time, mood-swings due to severe self-loathing, insomnia, isolation, regret over past mistakes (mainly due to alcoholism), so angry im grinding my teeth constantly, unable to exercise due to illnesses and injury, snapping at people",Depression,28,0,0.0,20.15,MEDIUM,0
Benzos stopping suicidal thoughts?,Depression,43,2,4.55,28.19,HIGH,0
Suicide Hotline Opinion?,Depression,86,0,0.0,20.46,MEDIUM,0
I can’t stop crying tonight.,Depression,68,0,0.0,20.37,MEDIUM,0
The slightest inconvenience makes me suicidal,Depression,9,0,0.0,20.05,MEDIUM,0
I'm tired all the time,Depression,164,4,2.42,25.12,HIGH,0
How to approach loved ones about your loss?,Depression,100,2,1.98,24.0,HIGH,0
I wish I could get hit in the head and forget my past,Depression,52,0,0.0,20.28,MEDIUM,0
Advice on coping with depressing thoughts?,Depression,160,2,1.24,23.03,HIGH,0
advice for helping my friend,Depression,172,2,1.16,22.95,HIGH,0
That pure dread when you roll through posts from 3years ago and nothing have changed.,Depression,129,2,1.54,23.39,HIGH,0
I'm worn out,Depression,124,0,0.0,20.67,MEDIUM,0
No support system,Depression,269,7,2.59,25.98,HIGH,0
I challenge you to make me cry.,Depression,48,1,2.04,23.83,HIGH,0
brain fog 24/7,Depression,134,2,1.48,23.31,HIGH,0
I will never be grateful for a life I don't want to live.,Depression,3,0,0.0,20.02,MEDIUM,0
Life makes me feel so tired,Depression,728,11,1.51,26.56,HIGH,1
Loop,Depression,56,1,1.75,23.36,HIGH,0
Rabbit hole,Depression,57,0,0.0,20.31,MEDIUM,0
Everyone thinks it's so easy,Depression,336,6,1.78,24.92,HIGH,0
I just want to rant about my depression and anxiety from my depression,Depression,268,5,1.86,24.7,HIGH,0
I think I’m done with life honestly,Depression,97,2,2.04,24.09,HIGH,0
Financial trouble getting to me,Depression,253,4,1.57,24.11,HIGH,0
no expectations,Depression,61,3,4.84,28.8,HIGH,0
It’s not fcking fair,Depression,203,5,2.45,25.38,HIGH,0
Will gastric bypass improve my self esteem?,Depression,51,0,0.0,20.27,MEDIUM,0
I'm so tired of trying to be okay.,Depression,319,1,0.31,22.26,MEDIUM,0
i'm depressed because i'm single,Depression,100,2,1.98,24.0,HIGH,0
I don’t know who I am anymore,Depression,139,1,0.71,21.99,MEDIUM,0
I wasn't ready,Depression,262,4,1.52,24.07,HIGH,0
Yes it hurts to try when you know you will fail again,Depression,6,0,0.0,20.03,MEDIUM,0
I am past my expiration date.,Depression,184,3,1.62,23.82,HIGH,0
Tired,Depression,72,0,0.0,20.39,MEDIUM,0
My every day battle,Depression,159,0,0.0,20.85,MEDIUM,0
Vitamin c deficiency?,Depression,16,1,5.88,30.38,HIGH,0
Job Hunting Related Depression,Depression,216,2,0.92,22.77,MEDIUM,0
Why?,Depression,30,0,0.0,20.16,MEDIUM,0
I dont knwo what to do anymore,Depression,188,3,1.59,23.79,HIGH,0
I’ve recently been getting closer to reaching proper nutrition everyday and it’s made more of an improvement than any antidepressant I’ve ever been put on has,Depression,388,2,0.51,22.98,HIGH,0
Depression in relationships. Did you leave? Would you return?,Depression,725,6,0.83,25.35,HIGH,1
Does anyone have any advice on dealing with depression and chronic fatigue?,Depression,36,1,2.7,24.92,HIGH,0
I m deeply sad,Depression,256,10,3.89,28.18,HIGH,0
My 19 year old brother has depression.,Depression,369,6,1.62,24.82,HIGH,0
Just done w/ life…,Depression,277,6,2.16,25.27,HIGH,0
I often feel like I won’t live long (21/m) like I know I’ll die early and pretty soon,Depression,265,8,3.01,26.69,HIGH,0
I am so ugly that it is ruining my life.,Depression,518,8,1.54,25.48,HIGH,1
life sucks at the moment,Depression,122,5,4.07,27.78,HIGH,0
Everyday I just want to cry and disappear from this world,Depression,19,1,5.0,28.85,HIGH,0
"Our control, our fear, our anxiety, our stress... Why does it always have to lead to more of them?",Depression,549,7,1.27,25.17,HIGH,1
does it ever get better?,Depression,109,3,2.73,25.36,HIGH,0
Numbness,Depression,48,1,2.04,23.83,HIGH,0
Taking NSAIDs with an SSRI,Depression,205,3,1.46,23.66,HIGH,0
this isn’t the same place even though it’s literally the same place physically.,Depression,111,0,0.0,20.6,MEDIUM,0
Cavei minha própria cova,Depression,266,0,0.0,21.43,MEDIUM,0
My mum and me had a physical fight/argument last night and I'm scared,Depression,510,9,1.76,25.82,HIGH,1
"Cannot live, cannot die",Depression,327,5,1.52,24.42,HIGH,0
Pointless living and nothing will get better,Depression,657,11,1.67,26.45,HIGH,1
"I had a vivid dream today. I was on a high rise , I saw an opportunity and took it. As I was plummeting down, I had no regret. I knew that as soon as I hit the ground, my suffering will be over.",Depression,9,0,0.0,20.05,MEDIUM,0
How to cope with feeling sad and irritable when losing and numb when winning?,Depression,132,2,1.5,23.33,HIGH,0
Life sucks when you don't have freedom from a 9-5,Depression,30,1,3.23,25.81,HIGH,0
I wish I could get hit in the head and forget my past,Depression,52,0,0.0,20.28,MEDIUM,0
Unable to overcome extreme stress severely impacting my productivity,Depression,413,13,3.14,27.72,HIGH,0
All my friends are in jail and I'm thinking of crashing out,Depression,265,5,1.88,24.71,HIGH,0
How can I get out of the loop - depression is taking my life away,Depression,423,6,1.42,24.76,HIGH,0
Goths/emos now on medication,Depression,88,2,2.25,24.41,HIGH,0
I've finally realized it,Depression,27,0,0.0,20.15,MEDIUM,0
I’ve finally cried sober for the first time in years,Depression,107,4,3.7,27.05,HIGH,0
Even the smallest things hurt,Depression,212,1,0.47,21.96,MEDIUM,0
I wish to be Ill,Depression,257,1,0.39,22.06,MEDIUM,0
I feel like I never stood a chance,Depression,200,5,2.49,25.43,HIGH,0
Advice for a future college student,Depression,240,1,0.41,22.01,MEDIUM,0
How can i best support my friend?,Depression,217,2,0.92,22.78,MEDIUM,0
depression making you sick,Depression,15,1,6.25,31.02,HIGH,0
this isn’t the same place even though it’s literally the same place physically.,Depression,111,0,0.0,20.6,MEDIUM,0
My friend needs help,Depression,49,1,2.0,23.76,HIGH,0
Post greif depression,Depression,196,2,1.02,22.84,HIGH,0
Mental health help???,Depression,160,2,1.24,23.03,HIGH,0
I don’t know how to unpack it all at this point,Depression,205,2,0.97,22.8,MEDIUM,0
I feel like I'm still here just for the sake of my own suffering.,Depression,100,1,0.99,22.27,MEDIUM,0
how do i tell my friends and family i need help,Depression,265,6,2.26,25.38,HIGH,0
I dun goofed,Depression,231,2,0.86,22.75,MEDIUM,0
job interviews,Depression,31,0,0.0,20.17,MEDIUM,0
OK THATS IT,Depression,28,0,0.0,20.15,MEDIUM,0
How do I avoid another episode and stay happy??,Depression,153,3,1.95,24.24,HIGH,0
I’m just not happy and I feel ashamed for saying that,Depression,263,6,2.27,25.39,HIGH,0
aita for thinking my boyfriend responses were rude when i had a breakdown,Depression,472,9,1.9,25.86,HIGH,0
Depression Everyday,Depression,42,1,2.33,24.3,HIGH,0
Why the fuck am I so fucking depressed,Depression,275,5,1.81,24.65,HIGH,0
My [F22] boyfriend [M21] has been struggling with his mental health for years - how can I help him?,Depression,128,2,1.55,23.4,HIGH,0
Too much expectation,Depression,150,1,0.66,21.96,MEDIUM,0
I feel nothing,Depression,249,5,2.0,24.84,HIGH,0
Can't concentrate after quitting antidepressants,Depression,60,0,0.0,20.32,MEDIUM,0
Worried about my life and future,Depression,162,7,4.29,28.38,HIGH,0
dealing with depressikn,Depression,42,1,2.33,24.3,HIGH,0
I'm just tired is all.,Depression,183,6,3.26,26.69,HIGH,0
I have finally been able to see my anxiety and I'm heartbroken,Depression,464,10,2.15,26.26,HIGH,0
Grief making me feel bad everytime i look at people with their parents,Depression,86,1,1.15,22.47,MEDIUM,0
I'm desperate for a friend and to feel loved by someone.,Depression,50,0,0.0,20.27,MEDIUM,0
Being born mortal is worse than not having been born in the first place.,Depression,206,4,1.93,24.49,HIGH,0
What’s your go-to show to watch for when you’re depressed?,Depression,7,0,0.0,20.04,MEDIUM,0
Call me crazy but suicide seems rational at this point..,Depression,111,2,1.79,23.73,HIGH,0
Almost dead,Depression,72,1,1.37,22.78,MEDIUM,0
I need advice,Depression,116,0,0.0,20.62,MEDIUM,0
I hit myself when I’m upset,Depression,294,4,1.36,23.96,HIGH,0
my anhedonia is worse than ever,Depression,82,3,3.61,26.76,HIGH,0
why?,Depression,30,1,3.23,25.81,HIGH,0
Was feeling very low and went for one hour tantra massage.,Depression,151,1,0.66,21.97,MEDIUM,0
Slowly losing my life after covid.,Depression,121,1,0.82,22.09,MEDIUM,0
tired,Depression,819,12,1.46,26.96,HIGH,1
I’m getting more and more jealous of rich people and feel terrible about it. How do other people cope?,Depression,184,0,0.0,20.99,MEDIUM,0
I’m having such a hard timw with sleeping,Depression,75,0,0.0,20.4,MEDIUM,0
"How do you cope with friends/family, that really know you and have seen you before depression diagnosis?",Depression,251,6,2.38,25.51,HIGH,0
What is the best way to get through a depressive episode?,Depression,68,1,1.45,22.9,HIGH,0
Exhausted/Tired all the time (in denial),Depression,381,15,3.93,28.93,HIGH,0
Need advice,Depression,262,7,2.66,26.06,HIGH,0
My wife is pushing me away,Depression,402,3,0.74,23.46,HIGH,0
Im so done.,Depression,186,2,1.07,22.87,HIGH,0
"I’m only at peace when slumber is reached, so perhaps if I flee, I’d finally happen to be free. Is eternal slumber the key?",Depression,179,6,3.33,26.79,HIGH,0
I look so sad and cold every day.,Depression,140,5,3.55,26.97,HIGH,0
How does anyone do anything???,Depression,429,6,1.4,24.76,HIGH,0
"My depression room got infested with carpet beetles, probably because I left clothes on the floor for weeks and I don’t know what to do",Depression,340,4,1.17,23.88,HIGH,0
Me(24m) her(25F) BPD &amp; Sex Drive?,Depression,281,0,0.0,21.51,MEDIUM,0
Another one,Depression,214,1,0.47,21.97,MEDIUM,0
I can’t seem to have a good day anymore,Depression,24,0,0.0,20.13,MEDIUM,0
Stuck in a loop TW ED MENTION,Depression,47,3,6.25,31.19,HIGH,0
Does your family realise what is going on?,Depression,52,0,0.0,20.28,MEDIUM,0
Sometimes emptiness is harder than feeling something,Depression,184,2,1.08,22.88,HIGH,0
Emotional detachment,Depression,216,5,2.3,25.19,HIGH,0
Back in this stupid lonely hole with no one to share my thoughts with,Depression,292,2,0.68,22.76,MEDIUM,0
"A close friend of mine took 280 mg of Dexedrine this past Monday as a suicide attempt, but for some reason he hasn’t told anyone besides me, and he never went to the hospital. What kind of danger could he still be in? I want to convince him to get help for it, but he thinks so much time has gone by.",Depression,1,0,0.0,20.01,MEDIUM,0
I want my old self back,Depression,180,1,0.55,21.93,MEDIUM,0
I'm so sick of everything.,Depression,72,5,6.85,32.38,HIGH,0
Am I the only one?,Depression,77,3,3.85,27.15,HIGH,0
The last dip,Depression,117,3,2.54,25.07,HIGH,0
Improving energy?,Depression,24,1,4.0,27.13,HIGH,0
I'm so tired of trying to be okay.,Depression,319,1,0.31,22.26,MEDIUM,0
FUCK !!!! IM TIRED !!!! 🥰,Depression,13,1,7.14,32.57,HIGH,0
my 9-5 is both helping and making me worse,Depression,138,1,0.72,22.0,MEDIUM,0
Feel finished,Depression,16,0,0.0,20.09,MEDIUM,0
People who are suicidal have panic attacks ?,Depression,47,7,14.58,45.77,HIGH,0
Just another unhappy life?,Depression,180,1,0.55,21.93,MEDIUM,0
Been depressed since long time ago,Depression,52,3,5.66,30.19,HIGH,0
Am I depressed because I don't wanna escape from it ?,Depression,7,0,0.0,20.04,MEDIUM,0
not sure about what to do with my life.,Depression,812,3,0.37,25.01,HIGH,1
Seroquel gives me bad trips?,Depression,99,1,1.0,22.28,MEDIUM,0
"nobody can change my mind anymore. i’ll do it soon, just soon. just you fucking wait. i’m sick of living, nobody can change my mind anymore",Depression,1,0,0.0,20.01,MEDIUM,0
Question,Depression,57,2,3.45,26.34,HIGH,0
I feel numb and I hate it,Depression,57,2,3.45,26.34,HIGH,0
Tips to keep yourself from crying?,Depression,165,4,2.41,25.1,HIGH,0
Do most people with depression feel brain fogginess?,Depression,24,2,8.0,34.13,HIGH,0
My parents have absolutely ruined me,Depression,81,0,0.0,20.44,MEDIUM,0
I literally have no one,Depression,205,3,1.46,23.66,HIGH,0
Having weird thoughts I'd share (don't worry not suicidal),Depression,205,7,3.4,27.05,HIGH,0
I created a list of things wrong with me.. and it's frikkin' long.,Depression,613,14,2.28,27.29,HIGH,1
I had everything i could ask for,Depression,39,0,0.0,20.21,MEDIUM,0
Life is shambolic and i think im done,Depression,335,4,1.19,23.88,HIGH,0
Even the smallest things hurt,Depression,212,1,0.47,21.96,MEDIUM,0
15m i started smoking cigarettes now because it makes me feel good,Depression,35,1,2.78,25.05,HIGH,0
"No, seriously. WHAT am I supposed to do with my life?",Depression,164,1,0.61,21.95,MEDIUM,0
Tried commiting suicide twice today failed miserably,Depression,77,0,0.0,20.41,MEDIUM,0
Should I hibernate for the rest of my life?,Depression,164,1,0.61,21.95,MEDIUM,0
Feeling tired all the time,Depression,164,7,4.24,28.3,HIGH,0
Help me :(,Depression,248,5,2.01,24.85,HIGH,0
that not so funny feeling,Depression,66,4,5.97,30.8,HIGH,0
need some help in Ramadan,Depression,29,3,10.0,37.66,HIGH,0
I think being okay for so long has made me not okay.,Depression,159,2,1.25,23.04,HIGH,0
is it possible that on some days you feel way more tired then the other day even if you feel like your sleep was the same as those other days?,Depression,42,3,6.98,32.44,HIGH,0
Why can't my mom see that I'm depressed?,Depression,249,1,0.4,22.04,MEDIUM,0
I wish I were a kid again,Depression,79,0,0.0,20.42,MEDIUM,0
Life,Depression,79,1,1.25,22.61,MEDIUM,0
I cant go on like this,Depression,125,4,3.17,26.22,HIGH,0
How long does it take to know if an antidepressant is going to work or I need to try a different one?,Depression,167,3,1.79,24.03,HIGH,0
God made me for entertainment,Depression,31,2,6.25,31.1,HIGH,0
So you apparently need a stable social environment to get better…lol,Depression,80,0,0.0,20.43,MEDIUM,0
Sometimes emptiness is harder than feeling something,Depression,184,2,1.08,22.88,HIGH,0
Smile Tips?,Depression,79,0,0.0,20.42,MEDIUM,0
Hopeless and want Hope,Depression,493,10,2.02,26.19,HIGH,0
Still.,Depression,72,1,1.37,22.78,MEDIUM,0
"Everytime I think of my ""future"" I just think, ""Maybe I should kms."" because it would be so much easier and so much less painful to just kms now than it would be to struggle to just survive.",Depression,378,15,3.96,28.96,HIGH,0
News some wisdom,Depression,82,3,3.61,26.76,HIGH,0
Idk what to do,General Anxiety,86,4,4.6,16.51,MEDIUM,0
Morning Anxiety,General Anxiety,46,2,4.26,15.7,LOW,0
A month ago I was drugged without my consent (long post)...,General Anxiety,1432,10,0.7,16.92,MEDIUM,1
27 yo with severe anxiety living with parents fails at life,General Anxiety,855,8,0.93,14.22,LOW,1
Hey guys Am new here How are y'all doin Just wanna wish y'all a blessed day Stay safe and be safe Love y'all,General Anxiety,26,0,0.0,8.14,LOW,0
I'm hesitant to get a diagnosis,General Anxiety,353,13,3.67,16.32,MEDIUM,0
Overthinking,General Anxiety,12,0,0.0,8.06,LOW,0
why I can't shower?,General Anxiety,43,2,4.55,16.19,MEDIUM,0
how to improve the friendships i’m damaging due to anxiety?,General Anxiety,174,3,1.71,11.93,LOW,0
I need help to fight.,General Anxiety,153,2,1.3,11.1,LOW,0
Is it me or is it the T?,General Anxiety,85,1,1.16,10.49,LOW,0
Bout of Bad Anxiety - Should I consider Therapy.,General Anxiety,329,7,2.12,13.48,LOW,0
I’m so truly exhausted.,General Anxiety,244,9,3.67,15.73,LOW,0
Why does my heart rate fall when I'm having an episode?,General Anxiety,184,2,1.08,10.88,LOW,0
I just got prescribed medicine,General Anxiety,88,1,1.12,10.43,LOW,0
Morning Anxiety,General Anxiety,46,2,4.26,15.7,LOW,0
Had a massive panic attack 2 days ago and now the my anxiety symptoms are all starting to come back. Idk what to do anymore,General Anxiety,157,6,3.8,15.49,LOW,0
Trying Lithium Orotate for Anxiety,General Anxiety,28,1,3.45,14.19,LOW,0
How to stop overthinking?,General Anxiety,64,0,0.0,8.34,LOW,0
Had a really bad panic attack yesterday,General Anxiety,57,2,3.45,14.34,LOW,0
What tf us happening to me,General Anxiety,308,10,3.24,15.33,LOW,0
i'm tired and i want to die,General Anxiety,19,1,5.0,16.85,MEDIUM,0
I’m going on anxiety detox☠️,General Anxiety,598,8,1.34,13.56,LOW,1
Is there any way to sleep better?,General Anxiety,12,0,0.0,8.06,LOW,0
I'm having anxiety during the daytime,General Anxiety,132,1,0.75,10.02,LOW,0
Anyone else gets stupid thoughts and believes it’s the truth and start having anxiety knowing it’s nothing but at the same time not able to completely convince yourself it’s nothing and then make a whole scenario that it’s a thing even though everyone told you it’s nothing? it’s freakin exhausting…,General Anxiety,56,2,3.51,14.44,LOW,0
Anxiety about my appearance separates my life in two sides,General Anxiety,314,3,0.95,11.35,LOW,0
I am failing,General Anxiety,187,3,1.6,11.81,LOW,0
.5 mg lorazepam and drinking,General Anxiety,34,0,0.0,8.18,LOW,0
My anxiety is ridiculous,General Anxiety,102,3,2.91,13.64,LOW,0
Anyone get constant goosebumps from anxiety?,General Anxiety,68,1,1.45,10.9,LOW,0
"Amoxicillin 500mg, missed two days",General Anxiety,68,0,0.0,8.37,LOW,0
Has anyone taken prozak?,General Anxiety,17,0,0.0,8.09,LOW,0
Anxiety Impacting Visual Ability and Causing Hyper-Fixation on Partner’s Physical Appearance,General Anxiety,261,2,0.76,10.73,LOW,0
Time for my checkup. Very anxious after I had a cancer scare last check up. Tips?,General Anxiety,213,6,2.8,14.05,LOW,0
Just got done with my first psychiatric evaluation,General Anxiety,65,4,6.06,18.95,MEDIUM,0
Night time anxiety and noises from upstairs neighbor,General Anxiety,177,5,2.81,13.87,LOW,0
i had a very concerning dream and it’s causing me to panic.,General Anxiety,341,2,0.58,10.85,LOW,0
Covid second bout anxiety,General Anxiety,90,3,3.3,14.26,LOW,0
Chest pain feels like I’m dying,General Anxiety,68,3,4.35,15.98,LOW,0
Is it normal for my body to feel so heavy and urge to just give up?,General Anxiety,146,2,1.36,11.17,LOW,0
I’m (29M) having bad anxiety in new relationship,General Anxiety,448,3,0.67,11.58,LOW,0
Anyone else?,General Anxiety,88,0,0.0,8.47,LOW,0
Tired,General Anxiety,63,3,4.69,16.55,MEDIUM,0
Anyone else have physical symptoms that constantly change over time?,General Anxiety,75,0,0.0,8.4,LOW,0
My mom doesn't believe anxiety is real,General Anxiety,122,2,1.63,11.51,LOW,0
What to use,General Anxiety,14,0,0.0,8.08,LOW,0
having a really bad anxiety night,General Anxiety,50,3,5.88,18.56,MEDIUM,0
Hi there,General Anxiety,36,1,2.7,12.92,LOW,0
Are there any natural remedies for anxiety?,General Anxiety,17,1,5.56,17.82,MEDIUM,0
SAME TIME ANXIETY,General Anxiety,132,5,3.76,15.29,LOW,0
Road Test anxiety,General Anxiety,222,1,0.45,9.98,LOW,0
I have anxiety about spending money.,General Anxiety,253,1,0.39,10.04,LOW,0
The Rollercoaster ride of anxiety.,General Anxiety,86,0,0.0,8.46,LOW,0
Slept a couple hours and had a panic attack after it now I can’t fall back asleep,General Anxiety,44,2,4.44,16.01,LOW,0
Actually you're a total badass,General Anxiety,628,10,1.59,14.16,LOW,1
Opinion? Should I get a deep tissue massage or dry needling for my mid trapezius knot,General Anxiety,16,0,0.0,8.09,LOW,0
advice for social anxiety with first meets?,General Anxiety,27,1,3.57,14.39,LOW,0
Welcome to todays game of is this anxiety or am I dying?,General Anxiety,32,0,0.0,8.17,LOW,0
Does your anxiety affects your self confidence?,General Anxiety,50,2,3.92,15.13,LOW,0
Scared of memory loss,General Anxiety,38,2,5.13,17.18,MEDIUM,0
"Overwhelmed, tried, struggling",General Anxiety,154,6,3.87,15.6,LOW,0
Why do I randomly leap up?,General Anxiety,25,1,3.85,14.87,LOW,0
Advice?,General Anxiety,667,2,0.3,12.11,LOW,1
l-theanine,General Anxiety,31,0,0.0,8.17,LOW,0
anxiety nausea back at it again,General Anxiety,21,0,0.0,8.11,LOW,0
My mom doesn’t care anymore,General Anxiety,364,5,1.37,12.35,LOW,0
"I’m scared to move away from my home city, because I will miss my parents.",General Anxiety,163,3,1.83,12.08,LOW,0
Should i get my eyes checked?,General Anxiety,109,2,1.82,11.77,LOW,0
Does anyone else have an extremely sensitive gut due to anxiety?,General Anxiety,87,5,5.68,18.41,MEDIUM,0
Scared to start Lexapro,General Anxiety,188,6,3.17,14.56,LOW,0
Is it possible to be physically anxious without being mentally anxious?,General Anxiety,69,0,0.0,8.37,LOW,0
Health anxiety / Zoloft side effects?,General Anxiety,231,4,1.72,12.25,LOW,0
Anxiety,General Anxiety,169,4,2.35,13.02,LOW,0
Why must I find something wrong in my relationship.,General Anxiety,123,0,0.0,8.66,LOW,0
intense physical anxiety at the exact same time every day?,General Anxiety,100,0,0.0,8.54,LOW,0
Could this be anxiety?,General Anxiety,131,2,1.52,11.36,LOW,0
Can intense chronic anxiety over the years cause chronic fatigue?,General Anxiety,38,3,7.69,21.66,MEDIUM,0
I’ve been reading this vape study I’m getting freaked out convinced I’m going to die. My future is fucked and I feel like giving up.,General Anxiety,526,10,1.9,14.15,LOW,1
dae get chills?,General Anxiety,12,0,0.0,8.06,LOW,0
Just got done with my first psychiatric evaluation,General Anxiety,65,4,6.06,18.95,MEDIUM,0
Physical symptoms,General Anxiety,122,2,1.63,11.51,LOW,0
It's been a while but it's back,General Anxiety,133,1,0.75,10.03,LOW,0
Possible trigger warning / anxiety over tongue,General Anxiety,48,2,4.08,15.4,LOW,0
I've missed about 3 weeks of class and I'm too embarrassed to go back-what do I do?,General Anxiety,225,4,1.77,12.31,LOW,0
The anxiety seasons have started,General Anxiety,158,5,3.14,14.34,LOW,0
Health anxiety is steering me towards a nervous breakdown,General Anxiety,382,8,2.09,13.71,LOW,0
Daily reminder.,General Anxiety,39,1,2.5,12.58,LOW,0
Dry heaving,General Anxiety,149,2,1.33,11.13,LOW,0
How do I deal with sounding nervous on the phone?,General Anxiety,171,2,1.16,10.95,LOW,0
Is this a side effect of Lexapro,General Anxiety,50,0,0.0,8.27,LOW,0
Anxiety Over Having Made No Accomplishments in Life,General Anxiety,503,7,1.39,13.14,LOW,1
Hospitals,General Anxiety,15,3,18.75,40.89,HIGH,0
can’t sleep cause my whole body is numb,General Anxiety,31,0,0.0,8.17,LOW,0
I can't deal with this anymore,General Anxiety,110,3,2.7,13.32,LOW,0
How can I forget someone?,General Anxiety,23,0,0.0,8.12,LOW,0
Now,General Anxiety,13,0,0.0,8.07,LOW,0
Can anxiety get triggered by nothing?,General Anxiety,74,2,2.67,13.07,LOW,0
I really need some help with managing my anxiety when it comes to lack of cleanliness,General Anxiety,331,5,1.51,12.42,LOW,0
worst panic attack ever,General Anxiety,102,8,7.77,22.15,MEDIUM,0
I am feeling anxious about a new coworker. (TW: Past experience with a stalker briefly mentioned),General Anxiety,863,6,0.69,13.85,LOW,1
Anxiety stopping me from working,General Anxiety,156,2,1.27,11.06,LOW,0
What things in your life did you increase/decrease to improve your anxiety?,General Anxiety,46,1,2.13,11.97,LOW,0
I don't know if I can do this anymore,General Anxiety,161,3,1.85,12.1,LOW,0
Weird panic attack symptoms,General Anxiety,48,1,2.04,11.83,LOW,0
germ anxiety please help,General Anxiety,67,1,1.47,10.93,LOW,0
This works for a first post I guess,General Anxiety,145,2,1.37,11.18,LOW,0
"I have constant anxiety of dying, is there anything i can do to stop it?",General Anxiety,93,3,3.19,14.08,LOW,0
Help,General Anxiety,30,0,0.0,8.16,LOW,0
Hands falling asleep.,General Anxiety,69,0,0.0,8.37,LOW,0
"DAE have an element of narcissism with their anxiety/OCD, IE ""My anxiety is the worst, and no one else's anxiety is like mine or can relate to me""?",General Anxiety,116,5,4.27,16.1,LOW,0
Seroquel makes depressed,General Anxiety,99,1,1.0,10.28,LOW,0
I can feel a panic attack coming on,General Anxiety,41,3,7.14,20.72,MEDIUM,0
"I need some desperate help, and maybe some words of advice.",General Anxiety,430,6,1.39,12.74,LOW,0
Struggling at the momen,General Anxiety,153,2,1.3,11.1,LOW,0
I am tired of having anxiety,General Anxiety,276,6,2.17,13.28,LOW,0
Neighbours,General Anxiety,207,4,1.92,12.47,LOW,0
Anticipatory anxiety ruined my chance at a vacation. I'm so tired of trying to fly and failing.,General Anxiety,405,9,2.22,14.06,LOW,0
Whats the best anxiety medication in your opinion?,General Anxiety,38,2,5.13,17.18,MEDIUM,0
Meds Help?! 💔,General Anxiety,154,5,3.23,14.48,LOW,0
Meditation can alter your whole life,General Anxiety,15,0,0.0,8.08,LOW,0
Need someone to talk too,General Anxiety,93,0,0.0,8.5,LOW,0
Anxious about whether my dog bit the postman or not lol,General Anxiety,102,3,2.91,13.64,LOW,0
What are the best supplements you've used for anxiety?,General Anxiety,10,1,9.09,23.96,HIGH,0
Abdominal guarding?,General Anxiety,106,2,1.87,11.84,LOW,0
I don’t think I’ll be able to talk to a therapist about sexual abuse. Does it have to be verbal or can you draw and does the person get in trouble?,General Anxiety,33,0,0.0,8.18,LOW,0
Is it anxiety and over thinking? Or is it intuition? How to know the difference?,General Anxiety,231,2,0.86,10.75,LOW,0
Any remedies or natural vitamins that could help with mild anxiety in the morning? I’m not going to take pills anymore. I pretty much have my anxiety under control during the day somewhat but in the morning I’m still struggling. Any suggestions?💕,General Anxiety,44,2,4.44,16.01,LOW,0
My Anxiety remedies,General Anxiety,125,3,2.38,12.84,LOW,0
24/7 lightheaded and pressure in head,General Anxiety,24,0,0.0,8.13,LOW,0
Does anyone else use background tv to help with anxiety?,General Anxiety,56,1,1.75,11.36,LOW,0
Is it okay to want to dissociate when the time seems tough and even if that means a certain distance might develop in your relationship?? I feel exhausted with so much going on in my mind. I see nightmares and on most mornings wake up with terrible palpitations.,General Anxiety,48,2,4.08,15.4,LOW,0
Constantly having dreams (or nightmares) about doing school presentations,General Anxiety,57,0,0.0,8.31,LOW,0
selfishness,General Anxiety,211,3,1.42,11.62,LOW,0
Random spurts of horrible anxiety,General Anxiety,87,3,3.41,14.44,LOW,0
Having huge anxiety about my second emergency dentist appointment tomotrow,General Anxiety,367,1,0.27,10.45,LOW,0
"4 years ago I wasnt showering for months at a time, depressed, anxious and paranoid.",General Anxiety,798,9,1.13,14.27,LOW,1
I hate this,General Anxiety,38,1,2.56,12.68,LOW,0
"Redditors with trust issues due to childhood trauma, how do you cope and build trust with others?",General Anxiety,312,5,1.6,12.48,LOW,0
anxiety progress/my story,General Anxiety,453,15,3.3,16.21,MEDIUM,0
Colon cramps after diarrhea?,General Anxiety,182,0,0.0,8.98,LOW,0
Who else has a nervous stomach and closed throat right now?,General Anxiety,1,0,0.0,8.01,LOW,0
How often do you rewatch your favorite movies?,General Anxiety,42,2,4.65,16.36,MEDIUM,0
Someone is coming home!,General Anxiety,67,0,0.0,8.36,LOW,0
Since December,General Anxiety,319,7,2.19,13.55,LOW,0
Nobody takes me seriously,General Anxiety,332,8,2.4,13.99,LOW,0
Lack of appetite for months..anxiety?,General Anxiety,108,3,2.75,13.39,LOW,0
Staying at home vs going out,General Anxiety,103,2,1.92,11.91,LOW,0
Why can't I believe what the doctors tell me?,General Anxiety,264,2,0.75,10.73,LOW,0
Tips on how to accept my symptoms are just anxiety and start living again??,General Anxiety,340,8,2.35,13.94,LOW,0
Absolutely terrified / health anxiety,General Anxiety,83,1,1.19,10.53,LOW,0
Struggling. Could use some support.,General Anxiety,61,2,3.23,13.98,LOW,0
I need such a small trigger and all hell breaks loose,General Anxiety,64,2,3.08,13.73,LOW,0
"I used beta blockers for 3 weeks and quitted, now I'm sweating abnormally in my private area, is this normal?",General Anxiety,61,1,1.61,11.15,LOW,0
I’ve been having panic attacks that resulted in extreme adrenaline rushes daily for the past few weeks.,General Anxiety,308,9,2.91,14.75,LOW,0
Intrusive thoughts anxiety,General Anxiety,62,0,0.0,8.33,LOW,0
is it normal to have a group of visible veins on the top of my thigh?,General Anxiety,16,0,0.0,8.09,LOW,0
Feeling overwhelmed and uncomfortable in my body right now,General Anxiety,181,2,1.1,10.9,LOW,0
I've had three completely separate illnesses in quick succession. Could this be stress?,General Anxiety,95,1,1.04,10.33,LOW,0
Omg I hate it,General Anxiety,82,0,0.0,8.44,LOW,0
Is this disassociation?,General Anxiety,210,1,0.47,9.95,LOW,0
are those anxiety attacks?,General Anxiety,339,12,3.53,16.0,LOW,0
I'm an adult who can not sleep alone.,General Anxiety,193,7,3.61,15.36,LOW,0
"Is it bad that people give me advice so I can try to get over my ex, but I don’t seem to take any of their advice out of fear?",General Anxiety,19,0,0.0,8.1,LOW,0
What was your longest spell of anxiety?,General Anxiety,70,3,4.23,15.78,LOW,0
Is anyone else scared that they are going to ban tiktok?,General Anxiety,29,1,3.33,13.98,LOW,0
Anxiety at work,General Anxiety,70,5,7.04,20.7,MEDIUM,0
Anyone else meds stop working after Covid infection.,General Anxiety,28,0,0.0,8.15,LOW,0
"Please help, someone",General Anxiety,91,2,2.17,12.29,LOW,0
possible somniphobia?,General Anxiety,197,4,2.02,12.59,LOW,0
Job anxiety,General Anxiety,132,5,3.76,15.29,LOW,0
What's your longest hypervigilant episode?,General Anxiety,64,1,1.54,11.04,LOW,0
Not sure if I want to go to a friend's wedding,General Anxiety,174,0,0.0,8.94,LOW,0
meditation and overthinking,General Anxiety,139,0,0.0,8.75,LOW,0
I’m really scared and proud,General Anxiety,138,4,2.88,13.78,LOW,0
this feeling of doom/dread comes over me at random times,General Anxiety,91,1,1.09,10.4,LOW,0
Vistaril success?,General Anxiety,24,2,8.0,22.13,MEDIUM,0
I’m really scared and proud,General Anxiety,138,4,2.88,13.78,LOW,0
How to shake the feeling someone or something gonna break into the house?,General Anxiety,46,4,8.51,23.14,HIGH,0
need help with SSRI nausea,General Anxiety,89,0,0.0,8.48,LOW,0
Feeling happy then it turns into anxiety,General Anxiety,65,3,4.55,16.31,MEDIUM,0
Breaking up with boyfriend of two years because of my anxiety,General Anxiety,899,16,1.78,15.95,LOW,1
How do you make eye contact with people?,General Anxiety,70,1,1.41,10.84,LOW,0
luvox and lithium?,General Anxiety,17,0,0.0,8.09,LOW,0
I recently got diagnosed with GAD and need help with how to cope with potential panic attacks,General Anxiety,293,7,2.38,13.74,LOW,0
water slide,General Anxiety,170,8,4.68,17.1,MEDIUM,0
Don't know if I'm in the right place for this...,General Anxiety,176,1,0.56,9.93,LOW,0
Feeling alone around others,General Anxiety,135,1,0.74,10.02,LOW,0
15m and trying to quit cigs i started because of my anxiety,General Anxiety,37,0,0.0,8.2,LOW,0
panic freezing all month during work,General Anxiety,336,2,0.59,10.84,LOW,0
constamt tension headaches and face pain,General Anxiety,175,4,2.27,12.91,LOW,0
Benzos don’t work for me anymore??,General Anxiety,89,0,0.0,8.48,LOW,0
Driving Anxiety,General Anxiety,330,3,0.91,11.37,LOW,0
xanax please help,General Anxiety,102,2,1.94,11.94,LOW,0
my brain feels confused sometimes like sometimes it feels like i’m living in a memory of when i was at school when i was 5 because the vibe feels similar does anyone else get that?,General Anxiety,36,0,0.0,8.19,LOW,0
Anxiety is ruining my life,General Anxiety,160,2,1.24,11.03,LOW,0
Bringing reusable bags to the grocery store feels so off,General Anxiety,78,0,0.0,8.42,LOW,0
Tired of my anxiety being a burden to others,General Anxiety,98,2,2.02,12.06,LOW,0
It feels impossible to relax,General Anxiety,49,1,2.0,11.76,LOW,0
i never thought ill be toxic to her,General Anxiety,222,0,0.0,9.19,LOW,0
my guinea pig passed and now there's just me,Social Anxiety,398,9,2.26,18.09,MEDIUM,0
My first therapy appointment in a long time,Social Anxiety,66,1,1.49,14.96,LOW,0
Is it okay to appear rude to others?,Social Anxiety,577,5,0.87,16.62,MEDIUM,1
Why is AVPD considered a personality disorder and not a mental illness?,Social Anxiety,94,1,1.05,14.34,LOW,0
DAE feel like nobody will ever love you?,Social Anxiety,133,3,2.24,16.64,MEDIUM,0
must bargain with the universe for social plans,Social Anxiety,400,3,0.75,15.46,LOW,0
Resentment,Social Anxiety,66,1,1.49,14.96,LOW,0
Do you have an Inner monologue?,Social Anxiety,2,0,0.0,12.01,LOW,0
Adrian from the movie Rocky,Social Anxiety,19,0,0.0,12.1,LOW,0
"do u take selfies? if so, do u post them?",Social Anxiety,22,0,0.0,12.12,LOW,0
"I'm screwed, maybe many of you are too?",Social Anxiety,263,0,0.0,13.41,LOW,0
Being vulnerable sucks,Social Anxiety,57,1,1.72,15.32,LOW,0
Fantasising causing issues with my sleep,Social Anxiety,105,2,1.89,15.87,LOW,0
how to get over fear of therapy/getting help,Social Anxiety,162,3,1.84,16.09,LOW,0
I can’t look at Reddit anymore,Social Anxiety,18,0,0.0,12.1,LOW,0
I was triggered while talking to an old school friend and crashed the interaction,Social Anxiety,618,1,0.16,15.6,LOW,1
Just venting,Social Anxiety,518,9,1.73,17.81,MEDIUM,1
"How emotional are you, on a scale from 1 to 100?",Social Anxiety,34,1,2.86,17.19,MEDIUM,0
Are you afraid no one will be there by your side when your sick?,Social Anxiety,14,0,0.0,12.08,LOW,0
Social media is so weird sometimes. I just don’t get the “I’m gonna post a picture of my face and I want you to like it.”,Social Anxiety,18,0,0.0,12.1,LOW,0
mortified,Social Anxiety,83,4,4.76,20.78,MEDIUM,0
I came off as an asshole today and I’m struggling with it,Social Anxiety,460,2,0.43,15.23,LOW,0
suffering from AvPD as an ugly guy is like a cruel joke,Social Anxiety,132,3,2.26,16.66,MEDIUM,0
"Do you know any exercises, worksheets or journal/book that could help with AvPD?",Social Anxiety,14,0,0.0,12.08,LOW,0
Societal Standards,Social Anxiety,275,1,0.36,14.11,LOW,0
I'm So Sick of Thinking Someone Hates Me When They Don't Call Back,Social Anxiety,117,0,0.0,12.63,LOW,0
Looking for some good vibes,Social Anxiety,200,0,0.0,13.08,LOW,0
Some helpful advice from another sub’s comment section,Social Anxiety,9,0,0.0,12.05,LOW,0
"Update to 'Oh god, I have a date'",Social Anxiety,249,1,0.4,14.04,LOW,0
here goes nothing,Social Anxiety,29,0,0.0,12.16,LOW,0
Consultation on the treatment of Avoidant Personality Disorder,Social Anxiety,127,6,4.69,20.89,MEDIUM,0
Out with friends for the first time in a long time.. can’t leave..,Social Anxiety,191,1,0.52,13.94,LOW,0
based on real situation,Social Anxiety,4,0,0.0,12.02,LOW,0
Idk if this fits here at all but Did anybody do desperate things to subconsciously make people “like” them or just me,Social Anxiety,59,1,1.67,15.24,LOW,0
How to deal with rejection when you have avpd?,Social Anxiety,78,0,0.0,12.42,LOW,0
Crying when seeing sth cute/innocent?,Social Anxiety,309,9,2.9,18.74,MEDIUM,0
Longtime lurker with AvPD just wanting to vent about the fantasy of disappearing and starting a different life,Social Anxiety,218,3,1.37,15.57,LOW,0
"Soldier, Poet, King",Social Anxiety,45,0,0.0,12.24,LOW,0
Root of avpd and life-damaging thoughts I had,Social Anxiety,337,2,0.59,14.84,LOW,0
"Idk if this fits here, but I just decided to share this, they treat me nicely, but it just seems so, fake, to me",Social Anxiety,23,0,0.0,12.12,LOW,0
What is AvPD like?,Social Anxiety,64,1,1.54,15.04,LOW,0
Natural brain dampener,Social Anxiety,161,1,0.62,13.95,LOW,0
Painfully accurate.,Social Anxiety,2,0,0.0,12.01,LOW,0
group chat attention,Social Anxiety,26,1,3.7,18.62,MEDIUM,0
Can't get anything done,Social Anxiety,80,1,1.23,14.58,LOW,0
I desperately wish/ want to live alone but physically/financially cant,Social Anxiety,204,1,0.49,13.95,LOW,0
small victories,Social Anxiety,162,3,1.84,16.09,LOW,0
I'm literally too awkward for therapy,Social Anxiety,221,2,0.9,14.76,LOW,0
I will soon be kicked out of the apartment,Social Anxiety,139,0,0.0,12.75,LOW,0
Creep,Social Anxiety,15,0,0.0,12.08,LOW,0
"Okay y'all, for science, what's your MBTI (PART 1)",Social Anxiety,26,0,0.0,12.14,LOW,0
Family relationships,Social Anxiety,91,1,1.09,14.4,LOW,0
My dog is teaching me just how destructive my mum was for me growing up and now.,Social Anxiety,133,1,0.75,14.03,LOW,0
Therapist concerns,Social Anxiety,359,4,1.11,15.87,LOW,0
I don't make decisions or have preferences?,Social Anxiety,139,1,0.71,13.99,LOW,0
Why do people always come with this remark?,Social Anxiety,93,1,1.06,14.36,LOW,0
The Loneliness Epidemic,Social Anxiety,52,0,0.0,12.28,LOW,0
what even is the point,Social Anxiety,35,2,5.56,21.92,MEDIUM,0
I don’t see myself living a long life…,Social Anxiety,67,0,0.0,12.36,LOW,0
has anyone tried rejection therapy?,Social Anxiety,69,1,1.43,14.87,LOW,0
3 practices I use to alleviate my social anxiety QUICKLY.,Social Anxiety,31,0,0.0,12.17,LOW,0
i'm starting to realize that i'll probably never be able to truely connect with anyone,Social Anxiety,195,1,0.51,13.94,LOW,0
Filled out some of those bingo memes to see how much I’ve improved over the past 4 years. First picture is always now,Social Anxiety,24,0,0.0,12.13,LOW,0
Do you guys feel like a make-a-wish kid when trying to meet new people?,Social Anxiety,104,0,0.0,12.56,LOW,0
"The rare occasion where I decide to speak up, I end up saying something stupid and retreat back into my comfort zone",Social Anxiety,57,0,0.0,12.31,LOW,0
Went out to eat tonight,Social Anxiety,5,0,0.0,12.03,LOW,0
Coping,Social Anxiety,257,2,0.78,14.75,LOW,0
I hate this disorder,Social Anxiety,52,2,3.77,18.88,MEDIUM,0
The only proper self care for us,Social Anxiety,7,0,0.0,12.04,LOW,0
Once people get to know me they tend to love me...,Social Anxiety,126,0,0.0,12.68,LOW,0
I think my social phobia is causing my job hunt procrastination,Social Anxiety,292,6,2.05,17.16,MEDIUM,0
Hey here are some thoughts of mine I believe some or all of you could relate to for your next therapy visit.. AVPD In summary,Social Anxiety,283,3,1.06,15.38,LOW,0
AvPD moms and Dads,Social Anxiety,181,0,0.0,12.97,LOW,0
Anhedonia,Social Anxiety,10,0,0.0,12.05,LOW,0
"Trying to wrap my head around all of this, hear me out if you will :)",Social Anxiety,198,0,0.0,13.06,LOW,0
how are some people able to not care so much?,Social Anxiety,270,3,1.11,15.39,LOW,0
Antidepressants,Social Anxiety,98,0,0.0,12.53,LOW,0
Dating apps even harder with AvPD,Social Anxiety,121,0,0.0,12.65,LOW,0
I'm trying to solve an internal issue externally,Social Anxiety,211,5,2.36,17.26,MEDIUM,0
Have you ever had “best friend”?,Social Anxiety,133,0,0.0,12.72,LOW,0
"More Clarity, Insight, &amp; Awareness",Social Anxiety,118,0,0.0,12.63,LOW,0
Feeling down lately,Social Anxiety,233,5,2.14,17.0,MEDIUM,0
studying makes my AvPD symptoms worse.,Social Anxiety,142,0,0.0,12.76,LOW,0
Just leaving this here,Social Anxiety,4,0,0.0,12.02,LOW,0
Feeling like I don't do enough,Social Anxiety,475,2,0.42,15.29,LOW,0
I look like how I want to.,Social Anxiety,355,1,0.28,14.4,LOW,0
Where to stay during summer holidays? (1-2 months Europe),Social Anxiety,170,0,0.0,12.91,LOW,0
Feel like a piece of shit,Social Anxiety,650,8,1.23,17.65,MEDIUM,1
Conversations,Social Anxiety,244,1,0.41,14.03,LOW,0
"I feel out of place, no matter how much I try",Social Anxiety,587,7,1.19,17.24,MEDIUM,1
"Does your anxiety , fear of judgment ,rejection or humiliation stop you from doing daily basic tasks ? Do your triggers replay in your mind constantly ?",Social Anxiety,428,6,1.4,16.75,MEDIUM,0
Hopelessness/Too lateness,Social Anxiety,190,1,0.52,13.93,LOW,0
My brain just goes blank even if I want to engage,Social Anxiety,365,1,0.27,14.43,LOW,0
Glad there's a Hallmark holiday to remind me of my perpetual loneliness :),Social Anxiety,38,1,2.56,16.68,MEDIUM,0
"Nobody takes an interest in me, so I stopped taking an interest in myself",Social Anxiety,250,1,0.4,14.04,LOW,0
"Get angry because of noisy people, do you guys feel that?",Social Anxiety,142,0,0.0,12.76,LOW,0
A poem I wrote in high school,Social Anxiety,206,1,0.48,13.95,LOW,0
"I am really, truly screwed this time",Social Anxiety,304,4,1.31,15.93,LOW,0
I saw someone I barely know sneakily taking a pic of me while in auditorium,Social Anxiety,556,2,0.36,15.62,LOW,1
Anyone here feel incapable of love?,Social Anxiety,375,4,1.06,15.87,LOW,0
I don't know why I'm so self-defeating. I can't help it.,Social Anxiety,409,2,0.49,15.06,LOW,0
'chicken or the egg' situation- do I treat the physical symptoms (panic attacks) or the core issue (childhood trauma/feelings of inadequacy),Social Anxiety,302,9,2.97,18.82,MEDIUM,0
Physical Pain,Social Anxiety,112,3,2.65,17.24,MEDIUM,0
When people are so surprised to learn something about you because you're so quiet,Social Anxiety,63,1,1.56,15.07,LOW,0
Mentally Exhausted,Social Anxiety,181,6,3.3,18.75,MEDIUM,0
Do you have goals?,Social Anxiety,70,0,0.0,12.38,LOW,0
Why can't I do just one thing?,Social Anxiety,465,0,0.0,14.5,LOW,0
Just venting,Social Anxiety,518,9,1.73,17.81,MEDIUM,1
I can’t sustain long conversations,Social Anxiety,394,2,0.51,15.01,LOW,0
Everything has an End,Social Anxiety,85,2,2.33,16.53,MEDIUM,0
Can we please hear some success stories?,Social Anxiety,7,0,0.0,12.04,LOW,0
Nobody in my life has ever truly known me.,Social Anxiety,250,0,0.0,13.34,LOW,0
ok so how to build a support system?,Social Anxiety,8,0,0.0,12.04,LOW,0
its becoming impossible to keep avoiding my life without real consequences,Social Anxiety,171,1,0.58,13.93,LOW,0
life discoveries,Social Anxiety,97,0,0.0,12.52,LOW,0
Invisibility!!,Social Anxiety,114,0,0.0,12.61,LOW,0
Music's my only remedy,Social Anxiety,103,1,0.96,14.23,LOW,0
Being avoidant and the pandemic,Social Anxiety,189,4,2.11,16.71,MEDIUM,0
Question about memories.,Social Anxiety,53,0,0.0,12.28,LOW,0
Quality over quantity - Friendships,Social Anxiety,136,1,0.73,14.01,LOW,0
What are good ways to support my AVPD partner?,Social Anxiety,100,1,0.99,14.27,LOW,0
Idk but now I’m moving to a place I never been to.,Social Anxiety,174,1,0.57,13.93,LOW,0
"The bar is so low, I can't even begin to describe it.",Social Anxiety,98,2,2.02,16.06,LOW,0
AvPD got a shout out in The Expendables,Social Anxiety,53,0,0.0,12.28,LOW,0
I’ve been,Social Anxiety,10,0,0.0,12.05,LOW,0
Do others know about your situation?,Social Anxiety,71,1,1.39,14.81,LOW,0
Church made it worse,Social Anxiety,156,4,2.55,17.3,MEDIUM,0
thought this might be useful for people here,Social Anxiety,8,0,0.0,12.04,LOW,0
Interview anxiety,Social Anxiety,93,1,1.06,14.36,LOW,0
suffering from AvPD as an ugly guy is like a cruel joke,Social Anxiety,132,3,2.26,16.66,MEDIUM,0
"BPD and AvPD comorbidity, anyone?",Social Anxiety,53,0,0.0,12.28,LOW,0
Hi! I’m new in this sub,Social Anxiety,30,0,0.0,12.16,LOW,0
Friend Wants to take me to Strip Club,Social Anxiety,105,2,1.89,15.87,LOW,0
Anyone else like me?,Social Anxiety,105,1,0.94,14.21,LOW,0
Dealing with rude people,Social Anxiety,185,0,0.0,12.99,LOW,0
I haven't replied to someone for 30 weeks,Social Anxiety,246,1,0.4,14.02,LOW,0
A person I follow on Instagram misunderstood me and criticised me,Social Anxiety,15,0,0.0,12.08,LOW,0
Resentment,Social Anxiety,277,4,1.44,16.01,LOW,0
AvPD and Social Anxiety on the rise?,Social Anxiety,63,1,1.56,15.07,LOW,0
AvPD and covid has ruined my dream job.,Social Anxiety,218,3,1.37,15.57,LOW,0
"Hello, new here",Social Anxiety,406,6,1.47,16.76,MEDIUM,0
anyone almost 100% alone all the time,Social Anxiety,7,1,12.5,33.91,HIGH,0
I think I belong here.,Social Anxiety,109,6,5.45,22.12,MEDIUM,0
Just wonder if people have heard of hypersensitivity.,Social Anxiety,111,1,0.89,14.15,LOW,0
crippling guilt from my inability to answer texts,Social Anxiety,243,4,1.64,16.18,MEDIUM,0
I wish I could thank every person that has shown me kindness,Social Anxiety,172,1,0.58,13.94,LOW,0
"Self-diagnosis for this, what do you think?",Social Anxiety,228,1,0.44,14.0,LOW,0
My boyfriend broke up with me,Social Anxiety,320,4,1.25,15.91,LOW,0
Societal Standards,Social Anxiety,275,1,0.36,14.11,LOW,0
I don’t understand how to get/do jobs,Social Anxiety,142,1,0.7,13.99,LOW,0
"How do you even expose yourself to the public or gain ""experience"" when you are 30+?",Social Anxiety,504,1,0.2,15.06,LOW,1
Has anyone visited a sensory deprivation tank before? I know the experience will be different for everyone but curious to know if anyone found it helpful for anxiousness.,Social Anxiety,28,0,0.0,12.15,LOW,0
what are you doing to help your AvPD?,Social Anxiety,71,0,0.0,12.38,LOW,0
just turned to my coworker and talked one day,Social Anxiety,226,0,0.0,13.22,LOW,0
had a successful weekend :),Social Anxiety,138,2,1.44,15.26,LOW,0
Hey AvPD folks I could use some advice or perspectives,Social Anxiety,210,1,0.47,13.95,LOW,0
Podcasts for avoidant people?,Social Anxiety,53,0,0.0,12.28,LOW,0
I can't trust my own judgement,Social Anxiety,99,2,2.0,16.03,LOW,0
Laziness is something we ascribe to normal people who just lack that inner drive,Social Anxiety,92,0,0.0,12.49,LOW,0
Currently grieving the life I‘ll never have,Social Anxiety,148,2,1.34,15.14,LOW,0
Contemplating,Social Anxiety,441,6,1.36,16.75,MEDIUM,0
Alcohol,Social Anxiety,36,0,0.0,12.19,LOW,0
Any older people with AvPD there?,Social Anxiety,58,0,0.0,12.31,LOW,0
How do you deal with making mistakes?,Social Anxiety,101,1,0.98,14.26,LOW,0
Therapy Success for AVPD? Anyone?,Social Anxiety,186,1,0.53,13.93,LOW,0
I wish I could socialize normally and make friends,Social Anxiety,175,1,0.57,13.94,LOW,0
Felt Not Good Enough,Social Anxiety,127,2,1.56,15.41,LOW,0
Did not even want to say hi to me,Social Anxiety,148,1,0.67,13.97,LOW,0
How to stop from sabotaging yourself?,Social Anxiety,6,0,0.0,12.03,LOW,0
Feeling I don't belong,Social Anxiety,183,7,3.8,19.63,MEDIUM,0
PMS and AvPD,Social Anxiety,142,2,1.4,15.21,LOW,0
AvPD doesn’t mean that your brain is ill right?,Social Anxiety,127,2,1.56,15.41,LOW,0
"For those of you in therapy, what type of therapy do you do and have you found it helpful?",Social Anxiety,19,0,0.0,12.1,LOW,0
Avoidant Armadillo. Yes we have a Personality Animal,Social Anxiety,8,0,0.0,12.04,LOW,0
Emotionally-stunted and Emotionally-needy parents,Social Anxiety,53,0,0.0,12.28,LOW,0
Completely shut down when I know something uncomfortable is coming up,Social Anxiety,144,2,1.38,15.19,LOW,0
Struggling to find a career,Social Anxiety,177,2,1.12,14.91,LOW,0
These are the lyrics to The Leper by Dinosaur Jr. AVPD vibes? Their whole first album is like this and to an extent all of their discography,Social Anxiety,27,0,0.0,12.15,LOW,0
Faking Yourself ?,Social Anxiety,139,2,1.43,15.25,LOW,0
I feel like I’ve missed out on my teenage years,Social Anxiety,206,3,1.45,15.65,LOW,0
Generalizing people is ruining me and I don't know how to fix it,Social Anxiety,514,2,0.39,15.45,LOW,1
It's easy to say that everyone has worth.,Social Anxiety,190,1,0.52,13.93,LOW,0
"“You’re still single man? What’s a young, good looking guy like you doing wrong?”",Social Anxiety,114,2,1.74,15.66,LOW,0
I went to class but my teacher changed it to a zoom meeting,Social Anxiety,13,0,0.0,12.07,LOW,0
L,Social Anxiety,31,0,0.0,12.17,LOW,0
Do you think telling my flatmate about AvPD would be weird?,Social Anxiety,112,0,0.0,12.6,LOW,0
What is your eye color?,Social Anxiety,10,0,0.0,12.05,LOW,0
Anyone else lie as a child?,Social Anxiety,283,1,0.35,14.13,LOW,0
Trouble crying,Social Anxiety,38,4,10.26,30.16,HIGH,0
Anyone have a low-confidence anxiety-driven mom?,Social Anxiety,70,2,2.82,17.31,MEDIUM,0
I'm in CRISIS because how AvPD can potentially influence my desicion for a new major,Social Anxiety,331,0,0.0,13.78,LOW,0
am happy but also worried about the warmer weather,Social Anxiety,48,2,4.08,19.4,MEDIUM,0
How many people message you in an average day?,Social Anxiety,2,0,0.0,12.01,LOW,0
I am impressed by my ability to make girls to be mad at me,Social Anxiety,86,0,0.0,12.46,LOW,0
I hate my crush for further reinforcing my insecurities,Social Anxiety,292,1,0.34,14.16,LOW,0
Just a quick moment of levity,Social Anxiety,51,0,0.0,12.27,LOW,0
Does zoloft help?,Social Anxiety,96,2,2.06,16.12,LOW,0
Rescue fantasies,Social Anxiety,146,0,0.0,12.78,LOW,0
You're actually all great people and this subreddit is living proof.,Social Anxiety,97,0,0.0,12.52,LOW,0
I haven't been diagnosed yet,Social Anxiety,157,3,1.9,16.17,LOW,0
5 steps to handle emotional hijacking,Stress,47,0,0.0,0.25,LOW,0
Take part in 2minutes survey and win 50 USD Amazon Voucher.,Stress,84,0,0.0,0.45,LOW,0
High RHR due to Stress,Stress,142,0,0.0,0.76,LOW,0
Stress and dizziness,Stress,57,0,0.0,0.31,LOW,0
Is the stress of my international sales job worth the benefits? Looking for guidance…..,Stress,234,1,0.43,2.01,LOW,0
Stress and coping,Stress,68,1,1.45,2.9,LOW,0
Understanding Anxiety Causes And Symptoms And Treatment Options,Stress,230,9,3.9,8.06,LOW,0
can someone else’s stress age you? 22f and 26m,Stress,140,0,0.0,0.75,LOW,0
Anyone figured out stress yet?,Stress,346,2,0.58,2.88,LOW,0
Is this all life is supposed to be?,Stress,495,7,1.41,5.13,LOW,0
Neighbor gave me a gift should I give back?,Stress,40,0,0.0,0.22,LOW,0
Subconscious stress,Stress,331,3,0.9,3.35,LOW,0
Healthy ways to deal with constant stress?,Stress,150,3,1.99,4.29,LOW,0
Anger boiling over,Stress,239,5,2.08,4.93,LOW,0
How is stress and difficult emotions coped with⚡,Stress,203,0,0.0,1.09,LOW,0
Does anyone else get sore aching legs and body pain from being in a constant state of worry and stress,Stress,252,4,1.58,4.12,LOW,0
Stressed about my Stress Test!,Stress,86,0,0.0,0.46,LOW,0
My mind &amp; body choses flight instead of fight.,Stress,856,9,1.05,6.44,LOW,1
I barely out of my teens,Stress,279,6,2.14,5.25,LOW,0
stress hives,Stress,62,0,0.0,0.33,LOW,0
"Lower back, butt and leg pain due to stress?",Stress,272,10,3.66,7.87,LOW,0
Survey on Situational Stress and Music (18 and up),Stress,22,0,0.0,0.12,LOW,0
Does anyone else itch all over when they stress?,Stress,9,0,0.0,0.05,LOW,0
how to deal with previous stressed situations?,Stress,118,1,0.84,2.1,LOW,0
"Hi, I need some help",Stress,42,0,0.0,0.23,LOW,0
Is it normal to break out in hives bc of stress?,Stress,11,0,0.0,0.06,LOW,0
Emerging for a nervous break down. There is hope.,Stress,428,6,1.4,4.75,LOW,0
Simple Stress Relief Meditation,Stress,22,1,4.35,7.73,LOW,0
we're all a work in progress,Stress,75,0,0.0,0.4,LOW,0
NYU Langone Social Anxiety Research Study,Stress,103,2,1.92,3.91,LOW,0
Why Music’s Better Than Drugs for Anxiety,Stress,0,0,0.0,0.0,LOW,0
What are these random stress attacks?,Stress,109,2,1.82,3.77,LOW,0
Feeling like an anchor,Stress,194,1,0.51,1.94,LOW,0
I need help deciding,Stress,70,0,0.0,0.38,LOW,0
https://onlinemkt.org/stress-and-alcohol/,Stress,24,0,0.0,0.13,LOW,0
Stress after coming home,Stress,131,0,0.0,0.7,LOW,0
Anyone else get reduced stress with mild colds and bugs?,Stress,65,1,1.52,3.01,LOW,0
I’m at a loss.,Stress,309,4,1.29,3.92,LOW,0
Constant stress about having a career,Stress,172,0,0.0,0.92,LOW,0
What are your favorite stress management techniques?,Stress,14,0,0.0,0.08,LOW,0
There’s a job I used to work at…,Stress,116,0,0.0,0.62,LOW,0
is nighttime nausea from stress??,Stress,33,1,2.94,5.32,LOW,0
Stressed about money,Stress,38,0,0.0,0.2,LOW,0
1 Hour Soothing Rain sound - Relaxing Rain Sound - Relax and Sleep - Release Stress,Stress,19,0,0.0,0.1,LOW,0
Chronic stress - feeling hopeless,Stress,237,7,2.94,6.42,LOW,0
Not capable of relaxing?,Stress,85,2,2.33,4.53,LOW,0
Is it normal to feel a gurgling in your chest specifically the left side.,Stress,26,2,7.41,13.11,LOW,0
School stresses me out,Stress,185,4,2.15,4.76,LOW,0
Experiencing a physical stress symptom but don't feel stressed,Stress,93,0,0.0,0.5,LOW,0
Im at my wits end,Stress,310,3,0.96,3.35,LOW,0
Whats my cause of stress?,Stress,280,4,1.42,3.99,LOW,0
mid 40s anxiety at work,Stress,35,0,0.0,0.19,LOW,0
Years of waking up nauseous,Stress,75,1,1.32,2.71,LOW,0
"Sleeping 6 hours, heart Racing and chest pain",Stress,242,3,1.23,3.45,LOW,0
rouvestatin,Stress,11,0,0.0,0.06,LOW,0
"Lower back, butt and leg pain due to stress?",Stress,272,10,3.66,7.87,LOW,0
Missing a week of college due to illness,Stress,279,0,0.0,1.5,LOW,0
Subjects needed for a study on CBD and Social Anxiety,Stress,108,2,1.83,3.78,LOW,0
beard picking disorder,Stress,16,0,0.0,0.09,LOW,0
Psychology lab at Florida State University looking for parents and kids!,Stress,197,0,0.0,1.06,LOW,0
Binaural Beats for stress relieve,Stress,348,2,0.57,2.87,LOW,0
"How to deal with the anxiety of crossing paths with your exes, when you're out with family?",Stress,74,2,2.67,5.07,LOW,0
Singing at a funeral and they have given me a different song the day of,Stress,59,0,0.0,0.32,LOW,0
How can I be confident when I speak infront of the crowd?,Stress,120,3,2.48,4.99,LOW,0
What do you struggle with the most when stressed?,Stress,106,0,0.0,0.57,LOW,0
Survey on Situational Stress and Music (18 and up),Stress,22,0,0.0,0.12,LOW,0
Why is life so expensive,Stress,193,0,0.0,1.04,LOW,0
Weird stress symptom I just noticed I have.,Stress,93,0,0.0,0.5,LOW,0
Relieve Stress? | Some simple ways to bust your stress,Stress,693,15,2.16,7.51,LOW,1
Need help!!,Stress,145,2,1.37,3.18,LOW,0
I can't take it anymore,Stress,123,2,1.61,3.48,LOW,0
"could someone help me? i have a problem w sleeping and i keep sleeping very very late and i want to try methods that would help me adjust my sleeping schedule, but nothings working and i am worried and stressed out. any tips and tricks?",Stress,45,0,0.0,0.24,LOW,0
just realised my sickness is stress related,Stress,143,1,0.69,1.98,LOW,0
when do you know it's time to see a doctor about your stress?,Stress,14,0,0.0,0.08,LOW,0
A simple guide on how to manage stress at work,Stress,0,0,0.0,0.0,LOW,0
just realised my sickness is stress related,Stress,143,1,0.69,1.98,LOW,0
So stressed out,Stress,164,1,0.61,1.95,LOW,0
Stress—&gt;Anxiety—&gt;Anxiety/Panic Attack,Stress,92,3,3.23,6.15,LOW,0
I'm not good at handling stress,Stress,7,0,0.0,0.04,LOW,0
I'm BURNED OUT... What should I do?,Stress,413,5,1.21,4.34,LOW,0
How did the pandemic change your beliefs?,Stress,151,1,0.66,1.97,LOW,0
Tips on dealing with stress headaches?,Stress,80,0,0.0,0.43,LOW,0
How do I get better?,Stress,359,6,1.67,4.85,LOW,0
Stress at work making me physically ill,Stress,374,3,0.8,3.41,LOW,0
What's the worst part about being stressed constantly?,Stress,26,0,0.0,0.14,LOW,0
A bad breakup and whole life looks fucked up now!,Stress,288,3,1.04,3.37,LOW,0
I am so stressed out over everything in my life (Venting),Stress,288,3,1.04,3.37,LOW,0
"feeling so stressed, wat do i do",Stress,7,0,0.0,0.04,LOW,0
Whats my cause of stress?,Stress,280,4,1.42,3.99,LOW,0
thoughts on overwhelming stress,Stress,296,0,0.0,1.59,LOW,0
Participants needed,Stress,169,3,1.76,3.99,LOW,0
Books/podcasts/audiobooks for chronic stress healing,Stress,30,0,0.0,0.16,LOW,0
Feeling Overwhelmed?,Stress,450,2,0.44,3.19,LOW,0
Do you think you can be stressed/anxious and not notice?,Stress,290,4,1.37,3.96,LOW,0
UPDATE,Stress,39,1,2.5,4.58,LOW,0
My head is always under pressure,Stress,69,1,1.43,2.87,LOW,0
Videogame burnout,Stress,347,10,2.87,6.89,LOW,0
Short questionnaire about stress,Stress,45,0,0.0,0.24,LOW,0
How to Take Criticism Effectively,Stress,84,0,0.0,0.45,LOW,0
Super anxious and stressed after starting new job. Will this hurt my body or should I just tough it out for a couple weeks?,Stress,115,3,2.59,5.15,LOW,0
Kind of a weird question about stress,Stress,136,0,0.0,0.73,LOW,0
Has anyone felt so bad with stress they had 24/7 tension&amp;felt like they were stuck in flight/fight mode?,Stress,219,1,0.45,1.96,LOW,0
"Just a reminder to eat healthy when you're stressed. A stressed body is a damaged body, we need nutrients, vitamines, minerals, water and rest to repair the damage.",Stress,60,0,0.0,0.32,LOW,0
First job,Stress,92,1,1.08,2.38,LOW,0
Stress and dizziness,Stress,57,0,0.0,0.31,LOW,0
I often feel like I either need to feel stressed or useless,Stress,59,1,1.67,3.24,LOW,0
Really stressed vs. under performance,Stress,93,0,0.0,0.5,LOW,0
I feel like I can’t get rid of stress because it has benefitted me my whole life.,Stress,42,1,2.33,4.3,LOW,0
"12 Simple Tips on How to Overcome Fear, Anxiety, and Stress",Stress,16,2,11.76,20.67,MEDIUM,0
Hollow,Stress,4,0,0.0,0.02,LOW,0
I have given up! I have lost all hope! My poor single parent has killed me!,Stress,407,2,0.49,3.05,LOW,0
Does anyone else get sore aching legs and body pain from being in a constant state of worry and stress,Stress,252,4,1.58,4.12,LOW,0
what do I do?,Stress,337,3,0.89,3.37,LOW,0
Trying to improve my life,Stress,153,0,0.0,0.82,LOW,0
Regulate your nervous system,Stress,0,0,0.0,0.0,LOW,0
need $600 in 10 days.,Stress,120,0,0.0,0.65,LOW,0
exam stress,Stress,145,2,1.37,3.18,LOW,0
What's the hardest part about staying positive?,Stress,29,0,0.0,0.16,LOW,0
Does anyone else get sick when they are stressed?,Stress,21,0,0.0,0.11,LOW,0
Wanna Do a Stress quiz?,Stress,71,0,0.0,0.38,LOW,0
Soothing Relaxation by the Fireside,Stress,30,1,3.23,5.81,LOW,0
Find serenity in the soothing sounds of nature with our new ambience,Stress,12,0,0.0,0.06,LOW,0
Can stress cause weight gain?,Stress,36,0,0.0,0.19,LOW,0
Stressed,Stress,224,0,0.0,1.2,LOW,0
Today I’ve been on edge all day,Stress,35,1,2.78,5.05,LOW,0
Stress is ruinung my life.,Stress,146,3,2.04,4.36,LOW,0
Can you be so stressed you’re not anymore?,Stress,99,1,1.0,2.28,LOW,0
This might help you,Stress,35,0,0.0,0.19,LOW,0
Is anxiety caused by stress?,Stress,25,3,11.54,20.33,MEDIUM,0
Stress/anxiety Story,Stress,186,4,2.14,4.75,LOW,0
Hair turning white,Stress,379,6,1.58,4.8,LOW,0
"Seascapes, a playlist of smooth instrumentals and soft vocals great for focus, productivity and relaxation. Destress and lighten up your day with some great music. Enjoy!",Stress,0,0,0.0,0.0,LOW,0
Dealing with stress regarding presenting in front of a group of people,Stress,199,1,0.5,1.94,LOW,0
Post grad application and butter fingers,Stress,200,2,1.0,2.83,LOW,0
Reduce Your Stress,Stress,9,0,0.0,0.05,LOW,0
Do my symptoms mean stress?,Stress,287,1,0.35,2.16,LOW,0
IT and anxiety,Stress,107,0,0.0,0.58,LOW,0
I did my job and I am hated for it,Stress,231,0,0.0,1.24,LOW,0
nonstop anxiety throughout the whole day. now i have a nightmare which was never this intense and emotional. i’m feeling that my lens of the world disappeared and my old self is not here anymore. why do i experience these things?,Stress,533,9,1.69,5.82,LOW,1
How to fight PCOS with diet and nutrition?,Stress,55,0,0.0,0.3,LOW,0
Many don't understand that Stress comes from taking Stress as a real mechanic of reality,Stress,52,2,3.77,6.88,LOW,0
can you be deeply in love with 2 people at the same time?,Stress,312,1,0.32,2.24,LOW,0
Rap/Poem Stress is DESTROYING my mind!! 🤯,Stress,84,1,1.18,2.52,LOW,0
Make Your Own Stress Balls - How To Guide,Stress,8,0,0.0,0.04,LOW,0
Do you ever feel like you’re in a losing battle between your doctor and your job?,Stress,321,1,0.31,2.27,LOW,0
Fidget Toys to Relieve Stress at Work,Stress,80,1,1.23,2.58,LOW,0
"Head pressure, dry eye &amp; anxiety",Stress,190,0,0.0,1.02,LOW,0
For the past three months I have been experiencing random small twitches all over my body is it ALS? Anxiety? I’m a 31 year old African American male. Also could be it be a vitamin deficiency?,Stress,37,1,2.63,4.8,LOW,0
How can you reduce the stress in your life?,Stress,376,4,1.06,3.88,LOW,0
What should I do??,Stress,179,0,0.0,0.96,LOW,0
"Schoolwork thoughts not going away. If not always, most of the time I am stressed",Stress,147,2,1.35,3.15,LOW,0
nonstop anxiety throughout the whole day. now i have a nightmare which was never this intense and emotional. i’m feeling that my lens of the world disappeared and my old self is not here anymore. why do i experience these things?,Stress,533,9,1.69,5.82,LOW,1
"Work, kids, wedding, in-laws…",Stress,208,0,0.0,1.12,LOW,0
I copied down a problem wrong on a math test and got a completely different answer. Now I’m stressing,Stress,140,1,0.71,2.0,LOW,0
Stressed about schoolwork,Stress,84,0,0.0,0.45,LOW,0
Neck Tension,Stress,189,0,0.0,1.02,LOW,0
Simple Ways to Destress and Relax After a Long Day,Stress,90,1,1.1,2.41,LOW,0
stress and heart rate,Stress,13,0,0.0,0.07,LOW,0
"A step-by-step Therapeutic Art Activity to help you tap into your Inner Peace by using your creativity, your breath and the power of art materials...",Stress,0,0,0.0,0.0,LOW,0
I feel like im about to implode from stress,Stress,214,1,0.47,1.97,LOW,0
just want to stop stressing about money.,Stress,15,1,6.25,11.02,LOW,0
Stressed out and self harming.,Stress,251,4,1.59,4.13,LOW,0
Worried about my gap year,Stress,207,0,0.0,1.11,LOW,0
To those who give car rides,Stress,488,4,0.82,4.06,LOW,0
Stressing about daily routine,Stress,115,0,0.0,0.62,LOW,0
Every time things start to get better something bad happens.,Stress,91,0,0.0,0.49,LOW,0
Stressing about where I'll end up in life,Stress,124,0,0.0,0.67,LOW,0
Irritability,Stress,204,2,0.98,2.81,LOW,0
Everything has fallen on me and I'm stressed out,Stress,377,0,0.0,2.03,LOW,0
how can i overcome my stress?,Stress,58,0,0.0,0.31,LOW,0
I feel so stressed and alone.,Stress,42,0,0.0,0.23,LOW,0
Stress Relief Music,Stress,0,0,0.0,0.0,LOW,0
Stress Controls My Life!,Stress,305,3,0.98,3.35,LOW,0
Overwhelmed and stressed all the time,Stress,221,2,0.9,2.76,LOW,0
"College soon, no money, not even a bed to sleep on.",Stress,86,0,0.0,0.46,LOW,0
Thought action fusion – 37 bizarre everyday examples,Stress,70,3,4.23,7.78,LOW,0
I need to talk.,Stress,54,0,0.0,0.29,LOW,0
so much stress im unable to even think.,Stress,228,0,0.0,1.23,LOW,0
What Are Legitimate Way I Can Relieve Stress?,Stress,20,0,0.0,0.11,LOW,0
Get instant relief from Stress.....Quick Meditation for Inner Peace,Stress,30,0,0.0,0.16,LOW,0
extreme stress,Stress,76,1,1.3,2.68,LOW,0
I'm BURNED OUT... What should I do?,Stress,413,5,1.21,4.34,LOW,0
Move and Still Healing Podcasts To Listen To For Self-Care,Stress,0,0,0.0,0.0,LOW,0
Can anybody relate to skin picking?,Stress,58,0,0.0,0.31,LOW,0
I have created a non stop self fueling ball of stress that just got exponentially worse. I don't know how to deal with it.,Stress,173,1,0.57,1.93,LOW,0
Stress is or physical illness is there even a difference?,Stress,82,1,1.2,2.54,LOW,0
Fidget Toys to Relieve Stress at Work,Stress,80,1,1.23,2.58,LOW,0
I found the solution to your stress at last!,Stress,0,0,0.0,0.0,LOW,0
"Changing workplace tomorrow, can't cope with stress",Stress,68,2,2.9,5.44,LOW,0
Wondering if I’m living in a coma,Stress,368,3,0.81,3.4,LOW,0
What If You’re Doing Better Than You Think?,Stress,446,3,0.67,3.57,LOW,0
I dont know what to do and my stress is showing physically,Stress,250,0,0.0,1.34,LOW,0
Got caugh venting to myself at work being neuro divergent is stressful,Stress,12,0,0.0,0.06,LOW,0
I had a heated argument the other day and ever since I've had a mild heart ache and it won't go away,Stress,114,2,1.74,3.66,LOW,0
I feel like I'm losing the plot,Stress,64,2,3.08,5.73,LOW,0
Stress rashes?,Stress,75,0,0.0,0.4,LOW,0
Cbc results scared af,Stress,246,1,0.4,2.02,LOW,0
Sit Back and Relax! Managing stress. We all need a break!,Stress,0,0,0.0,0.0,LOW,0
My stress is out of control,Stress,242,5,2.06,4.91,LOW,0
panic disorder with visual problems,Stress,13,1,7.14,12.57,LOW,0
